Model Name,Mean Square Error,Root Mean Square Error,R2,Mean Absolute Error
LSTM,738487.6509,859.353042,0.958073914,612.0459098
Univariate LSTM,1279869.857,1131.313333,0.832377076,997.8550354
Multi-Linear Regression,15014859.66,1181.448703,0.672991544,740.5295704
ARIMA,379529815.4,19481.52498,-20.54701715,14616.73145
Random Forest Regression,701552704.2,6570.377158,-4.391731494,5345.319233
Prophet,764633100.7,27651.99994,-42.41045649,26664.36189
Exponential Smoothing,1039858131,32246.83134,-58.03578608,31829.3746
